DATA ID:,1,
Data stats,,Group 0 Size,Group 1 Size,Group 2 Size,Group 3 Size,Group 4 Size,Group 5 Size,Group 6 Size,Group 7 Size,Group 8 Size,Group 9 Size,Total size (Bytes),
,,843056772,210771004,561965808,1685985680,280968796,421491628,240831184,187365080,168588864,337246744,643304264,
RUNID:,1,
Method Name,Time Consumption (ms),Group 0,Group 1,Group 2,Group 3,Group 4,Group 5,Group 6,Group 7,Group 8,Group 9,Total Memory Consumption (Bytes),
Roaring,39393.523438,84445152,154471880,105536222,154471764,93833260,154472114,140635118,154471738,120566312,154471720,1317375280,
EWAH,38939.718750,168594012,843082500,210777440,561982960,187370800,1686037136,280977372,421504492,240838536,337257040,643454992,
My Vector,25010.261719,242162788,1225949100,242162788,817299400,242162788,1838923648,363244180,544866268,242162788,363244180,1827210632,
My Vector + GC,25598.775391,242162788,1225949100,242162788,817299400,242162788,1838923648,363244180,544866268,242162788,363244180,1827210632,
BitMagic,35413.531250,154473360,154473616,154473360,154473616,154473360,154474128,154473360,154473360,154473360,154473360,1544734880,
