DATA ID:,1,
Data stats,,Group 0 Size,Group 1 Size,Group 2 Size,Group 3 Size,Group 4 Size,Group 5 Size,Group 6 Size,Group 7 Size,Group 8 Size,Group 9 Size,Total size (Bytes),
,,84282764,56216140,168594884,42145508,33721744,28102684,21078996,16865880,24084984,18733572,493827156,
RUNID:,1,
Method Name,Time Consumption (ms),Group 0,Group 1,Group 2,Group 3,Group 4,Group 5,Group 6,Group 7,Group 8,Group 9,Total Memory Consumption (Bytes),
Roaring,2398.232422,8448020,15448808,15448808,15448808,15448808,15447912,14066422,10554578,12057572,9381866,131751602,
EWAH,1757.214966,16866396,84285336,56217856,168600032,42146796,33722776,28103544,21079640,24085720,18734144,493842240,
My Vector,1443.231079,21259836,107627908,71751940,242162788,47834628,47834628,31889752,21259836,31889752,21259836,644770904,
My Vector + GC,1330.857544,21259836,107627908,71751940,242162788,47834628,47834628,31889752,21259836,31889752,21259836,644770904,
BitMagic,2119.580078,15450240,15450240,15450240,15450240,15450240,15450240,15450240,15450240,15450240,15450240,154502400,
