DATA ID:,1,
Data stats,,Group 0 Size,Group 1 Size,Group 2 Size,Group 3 Size,Group 4 Size,Group 5 Size,Group 6 Size,Group 7 Size,Group 8 Size,Group 9 Size,Total size (Bytes),
,,8436,17048,1564,5672,4388,1880,3260,2288,2740,2104,49380,
RUNID:,1,
Method Name,Time Consumption (ms),Group 0,Group 1,Group 2,Group 3,Group 4,Group 5,Group 6,Group 7,Group 8,Group 9,Total Memory Consumption (Bytes),
Roaring,0.539500,798,4234,956,8208,2852,2210,1646,1160,1386,1068,24518,
EWAH,0.361500,1568,8436,1884,17052,5676,4392,3264,2292,2744,2108,49416,
My Vector,0.335900,1896,9592,1896,21580,6396,6396,4264,2844,2844,2844,60552,
My Vector + GC,0.354400,1896,9592,1896,21580,6396,6396,4264,2844,2844,2844,60552,
BitMagic,0.892700,4680,10312,4680,10312,10312,10312,10312,4680,10312,4680,80592,
