DATA ID:,1,
Data stats,,Group 0 Size,Group 1 Size,Group 2 Size,Group 3 Size,Group 4 Size,Group 5 Size,Group 6 Size,Group 7 Size,Group 8 Size,Group 9 Size,Group 10 Size,Group 11 Size,Group 12 Size,Group 13 Size,Group 14 Size,Group 15 Size,Group 16 Size,Group 17 Size,Group 18 Size,Group 19 Size,Total size (Bytes),
,,15257712,137290564,22868240,6860044,45733036,8075640,19596768,68623248,27456844,11437216,8583108,12480656,34311444,17146056,13729528,10567036,9148596,7226880,9809192,7625348,493827156,
RUNID:,1,
Method Name,Time Consumption (ms),Group 0,Group 1,Group 2,Group 3,Group 4,Group 5,Group 6,Group 7,Group 8,Group 9,Group 10,Group 11,Group 12,Group 13,Group 14,Group 15,Group 16,Group 17,Group 18,Group 19,Total Memory Consumption (Bytes),
Roaring,2498.582031,4052900,15448808,7643936,11449200,3445102,15448808,9813464,15448808,13743502,5733688,4306634,6255408,15448034,8588108,6879844,5298598,4589378,3628520,4919676,3827754,165970170,
EWAH,1727.757935,8075888,137294756,15258176,22868940,6860256,45734432,19597368,68625344,27457684,11437568,8583372,12481040,34312492,17146580,13729948,10567360,9148876,7227104,9809492,7625584,493842260,
My Vector,1382.998047,9448816,161441860,21259836,31889752,9448816,47834628,21259836,71751940,31889752,14173224,9448816,14173224,47834628,21259836,14173224,14173224,9448816,9448816,14173224,9448816,583981084,
My Vector + GC,1312.091919,9448816,161441860,21259836,31889752,9448816,47834628,21259836,71751940,31889752,14173224,9448816,14173224,47834628,21259836,14173224,14173224,9448816,9448816,14173224,9448816,583981084,
BitMagic,2909.901367,15450240,15450240,15450240,15450240,15450240,15450240,15450240,15450240,15450240,15450240,15450240,15450240,15450240,15450240,15450240,15450240,15450240,15450240,15450240,15450240,309004800,
