Data stats,,Group 0 Size,Group 1 Size,Group 2 Size,Group 3 Size,Group 4 Size,Group 5 Size,Group 6 Size,Group 7 Size,Group 8 Size,Group 9 Size,Total size (Bytes),
,,16850664,84294348,168577704,33721660,21078624,42143552,56231640,24086140,18740808,28102016,493827156,
Method Name,Time Consumption (ms),Group 0,Group 1,Group 2,Group 3,Group 4,Group 5,Group 6,Group 7,Group 8,Group 9,Total Memory Consumption (Bytes),
Roaring,2474.455078,15448808,8440412,9385484,15448808,15448004,10554392,15448808,15448808,12058150,14066088,131747762,
EWAH,1861.432495,84296924,16851176,18741380,168582852,33722692,21079268,42144840,56233360,24086876,28102876,493842244,
My Vector,1461.684326,107627908,21259836,21259836,242162788,47834628,21259836,47834628,71751940,31889752,31889752,644770904,
My Vector + GC,1376.247192,107627908,21259836,21259836,242162788,47834628,21259836,47834628,71751940,31889752,31889752,644770904,
BitMagic,3143.786133,15450240,15450240,15450240,15450240,15450240,15450240,15450240,15450240,15450240,15450240,154502400,
