Data stats,,Group 0 Size,Group 1 Size,Group 2 Size,Group 3 Size,Group 4 Size,Group 5 Size,Group 6 Size,Group 7 Size,Group 8 Size,Group 9 Size,Total size (Bytes),
,,16870140,42139768,18731212,84321140,56192460,168573492,33727364,24083188,28102368,21086024,493827156,
Method Name,Time Consumption (ms),Group 0,Group 1,Group 2,Group 3,Group 4,Group 5,Group 6,Group 7,Group 8,Group 9,Total Memory Consumption (Bytes),
Roaring,2757.202393,15448808,8450150,15448808,15448808,9380686,15448808,15447768,12056674,14066264,10558092,131754866,
EWAH,2096.395508,84323716,16870652,42141056,168578640,18731784,56194176,33728396,24083924,28103228,21086668,493842240,
My Vector,1609.953979,107627908,21259836,47834628,242162788,21259836,71751940,47834628,31889752,31889752,21259836,644770904,
My Vector + GC,1507.636597,107627908,21259836,47834628,242162788,21259836,71751940,47834628,31889752,31889752,21259836,644770904,
BitMagic,2426.979004,15450240,15450240,15450240,15450240,15450240,15450240,15450240,15450240,15450240,15450240,154502400,
