Data stats,,Group 0 Size,Group 1 Size,Group 2 Size,Group 3 Size,Group 4 Size,Group 5 Size,Group 6 Size,Group 7 Size,Group 8 Size,Group 9 Size,Total size (Bytes),
,,24100352,168595388,84309412,42119444,33728128,21071060,16867300,56185156,18728592,28122324,493827156,
Method Name,Time Consumption (ms),Group 0,Group 1,Group 2,Group 3,Group 4,Group 5,Group 6,Group 7,Group 8,Group 9,Total Memory Consumption (Bytes),
Roaring,2507.222900,12065256,9379376,15448808,8448730,15448808,15448808,15447892,10550610,15448808,14076242,131763338,
EWAH,1853.339966,24101084,18729164,168600536,16867816,84311988,42120732,33729160,21071704,56186872,28123184,493842240,
My Vector,1560.047241,31889752,21259836,242162788,21259836,107627908,47834628,47834628,21259836,71751940,31889752,644770904,
My Vector + GC,1559.296997,31889752,21259836,242162788,21259836,107627908,47834628,47834628,21259836,71751940,31889752,644770904,
BitMagic,2383.885742,15450240,15450240,15450240,15450240,15450240,15450240,15450240,15450240,15450240,15450240,154502400,
