Data stats,,Group 0 Size,Group 1 Size,Group 2 Size,Group 3 Size,Group 4 Size,Group 5 Size,Group 6 Size,Group 7 Size,Group 8 Size,Group 9 Size,Total size (Bytes),
,,316,200,276,1740,904,168,364,512,128,328,4936,
Method Name,Time Consumption (ms),Group 0,Group 1,Group 2,Group 3,Group 4,Group 5,Group 6,Group 7,Group 8,Group 9,Total Memory Consumption (Bytes),
EWAH,0.095200,316,204,280,132,1744,172,908,368,516,332,4972,
My Vector,0.041200,376,252,376,168,1896,168,1264,376,564,376,5816,
My Vector + GC,0.065600,376,252,376,168,1896,168,1264,376,564,376,5816,
BitMagic,0.118700,2632,2376,2632,2376,4680,2376,3144,2632,2632,2632,28112,
