Data stats,,Group 0 Size,Group 1 Size,Group 2 Size,Group 3 Size,Group 4 Size,Group 5 Size,Group 6 Size,Group 7 Size,Group 8 Size,Group 9 Size,Total size (Bytes),
,,1700,556,204,316,816,192,412,192,376,172,4936,
Method Name,Time Consumption (ms),Group 0,Group 1,Group 2,Group 3,Group 4,Group 5,Group 6,Group 7,Group 8,Group 9,Total Memory Consumption (Bytes),
Roaring,0.077100,112,866,294,118,174,424,222,112,204,102,2628,
EWAH,0.046700,196,1700,560,208,320,820,416,196,380,176,4972,
My Vector,0.040700,252,1896,564,252,376,844,564,252,376,252,5628,
My Vector + GC,0.088900,252,1896,564,252,376,844,564,252,376,252,5628,
BitMagic,0.128700,2376,4680,2632,2376,2632,3144,2632,2376,2632,2376,27856,
