Data stats,,Group 0 Size,Group 1 Size,Group 2 Size,Group 3 Size,Group 4 Size,Group 5 Size,Group 6 Size,Group 7 Size,Group 8 Size,Group 9 Size,Total size (Bytes),
,,16857828,84299020,42174996,168613104,24064440,56188016,33717636,21068960,18742240,28100916,493827156,
Method Name,Time Consumption (ms),Group 0,Group 1,Group 2,Group 3,Group 4,Group 5,Group 6,Group 7,Group 8,Group 9,Total Memory Consumption (Bytes),
Roaring,2437.100098,15448808,8443994,15448808,9386200,15448808,12047300,15448808,15447848,10549560,14065538,131735672,
EWAH,1813.708740,84301596,16858340,42176284,18742812,168618252,24065176,56189732,33718668,21069604,28101776,493842240,
My Vector,1453.883545,107627908,21259836,47834628,21259836,242162788,31889752,71751940,47834628,21259836,31889752,644770904,
My Vector + GC,1466.469971,107627908,21259836,47834628,21259836,242162788,31889752,71751940,47834628,21259836,31889752,644770904,
BitMagic,2240.901123,15450240,15450240,15450240,15450240,15450240,15450240,15450240,15450240,15450240,15450240,154502400,
