Data stats,,Group 0 Size,Group 1 Size,Group 2 Size,Group 3 Size,Group 4 Size,Group 5 Size,Group 6 Size,Group 7 Size,Group 8 Size,Group 9 Size,Total size (Bytes),
,,84308824,168610796,42138788,28113604,33708968,21067736,24068268,18736580,56208276,16865316,493827156,
Method Name,Time Consumption (ms),Group 0,Group 1,Group 2,Group 3,Group 4,Group 5,Group 6,Group 7,Group 8,Group 9,Total Memory Consumption (Bytes),
Roaring,2616.598877,15448808,9383370,15448808,15448808,14071882,15447738,10548948,12049214,15448808,8447738,131744122,
EWAH,1884.131348,84311396,18737152,168615944,42140076,28114464,33710000,21068380,24069004,56209992,16865832,493842240,
My Vector,1566.382202,107627908,21259836,242162788,47834628,31889752,47834628,21259836,31889752,71751940,21259836,644770904,
My Vector + GC,1453.599854,107627908,21259836,242162788,47834628,31889752,47834628,21259836,31889752,71751940,21259836,644770904,
BitMagic,2328.735107,15450240,15450240,15450240,15450240,15450240,15450240,15450240,15450240,15450240,15450240,154502400,
