Data stats,,Group 0 Size,Group 1 Size,Group 2 Size,Group 3 Size,Group 4 Size,Group 5 Size,Group 6 Size,Group 7 Size,Group 8 Size,Group 9 Size,Total size (Bytes),
,,168568360,84339868,33722120,42150728,24075192,56207164,21077040,28102504,16858388,18725792,493827156,
Method Name,Time Consumption (ms),Group 0,Group 1,Group 2,Group 3,Group 4,Group 5,Group 6,Group 7,Group 8,Group 9,Total Memory Consumption (Bytes),
Roaring,2630.699219,15448808,8444274,15448808,15447692,15448808,12052676,15448808,10553600,14066332,9377976,131737782,
EWAH,1889.900391,168573504,16858904,84342444,33723152,42152016,24075928,56208880,21077684,28103364,18726364,493842240,
My Vector,1569.392578,242162788,21259836,107627908,47834628,47834628,31889752,71751940,21259836,31889752,21259836,644770904,
My Vector + GC,1468.530762,242162788,21259836,107627908,47834628,47834628,31889752,71751940,21259836,31889752,21259836,644770904,
BitMagic,2376.058594,15450240,15450240,15450240,15450240,15450240,15450240,15450240,15450240,15450240,15450240,154502400,
