Data stats,,Group 0 Size,Group 1 Size,Group 2 Size,Group 3 Size,Group 4 Size,Group 5 Size,Group 6 Size,Group 7 Size,Group 8 Size,Group 9 Size,Total size (Bytes),
,,33727380,168602400,24081828,84317468,16849508,56190420,28089568,42160820,21074324,18733440,493827156,
Method Name,Time Consumption (ms),Group 0,Group 1,Group 2,Group 3,Group 4,Group 5,Group 6,Group 7,Group 8,Group 9,Total Memory Consumption (Bytes),
Roaring,3099.654053,9381800,10552242,15448808,14059864,15448808,15447692,12055994,15448808,8439834,15448808,131732658,
EWAH,2442.807617,18734012,21074968,42162108,28090428,168607548,33728408,24082564,84320044,16850024,56192136,493842240,
My Vector,2660.475342,21259836,21259836,47834628,31889752,242162788,47834628,31889752,107627908,21259836,71751940,644770904,
My Vector + GC,2464.409180,21259836,21259836,47834628,31889752,242162788,47834628,31889752,107627908,21259836,71751940,644770904,
BitMagic,2386.549805,15450240,15450240,15450240,15450240,15450240,15450240,15450240,15450240,15450240,15450240,154502400,
