Data stats,,Group 0 Size,Group 1 Size,Group 2 Size,Group 3 Size,Group 4 Size,Group 5 Size,Group 6 Size,Group 7 Size,Group 8 Size,Group 9 Size,Total size (Bytes),
,,168604208,84274416,28094756,56211460,24098128,18734608,16870152,33717588,42152568,21069272,493827156,
Method Name,Time Consumption (ms),Group 0,Group 1,Group 2,Group 3,Group 4,Group 5,Group 6,Group 7,Group 8,Group 9,Total Memory Consumption (Bytes),
Roaring,3175.289551,9382384,15448808,8450156,15448808,14062458,15448808,12064144,15447708,15448808,10549716,131751798,
EWAH,2279.295166,18735180,168609352,16870668,84276988,28095616,56213176,24098864,33718620,42153856,21069916,493842236,
My Vector,1837.118286,21259836,242162788,21259836,107627908,31889752,71751940,31889752,47834628,47834628,21259836,644770904,
My Vector + GC,1761.724854,21259836,242162788,21259836,107627908,31889752,71751940,31889752,47834628,47834628,21259836,644770904,
BitMagic,2875.529297,15450240,15450240,15450240,15450240,15450240,15450240,15450240,15450240,15450240,15450240,154502400,
