Data stats,,Group 0 Size,Group 1 Size,Group 2 Size,Group 3 Size,Group 4 Size,Group 5 Size,Group 6 Size,Group 7 Size,Group 8 Size,Group 9 Size,Total size (Bytes),
,,812,1752,264,308,428,180,564,196,268,164,4936,
Method Name,Time Consumption (ms),Group 0,Group 1,Group 2,Group 3,Group 4,Group 5,Group 6,Group 7,Group 8,Group 9,Total Memory Consumption (Bytes),
Roaring,0.072800,422,106,892,148,170,230,298,114,150,98,2628,
EWAH,0.070600,812,184,1756,268,312,432,568,200,272,168,4972,
My Vector,0.053000,844,252,1896,376,376,564,564,252,376,168,5668,
My Vector + GC,0.089100,844,252,1896,376,376,564,564,252,376,168,5668,
BitMagic,0.132600,3144,2376,4680,2632,2632,2632,2632,2376,2632,2376,28112,
