Data stats,,Group 0 Size,Group 1 Size,Group 2 Size,Group 3 Size,Group 4 Size,Group 5 Size,Group 6 Size,Group 7 Size,Group 8 Size,Group 9 Size,Total size (Bytes),
,,168574112,18735388,28115308,33719200,56231348,84288828,21059028,16854892,42147324,24101728,493827156,
Method Name,Time Consumption (ms),Group 0,Group 1,Group 2,Group 3,Group 4,Group 5,Group 6,Group 7,Group 8,Group 9,Total Memory Consumption (Bytes),
Roaring,3398.667725,9382774,15448808,14072734,15447810,15448808,8442526,15448808,10544594,15448808,12065944,131751614,
EWAH,2449.076416,18735960,168579256,28116168,33720232,56233068,16855408,84291404,21059672,42148612,24102464,493842244,
My Vector,2039.411743,21259836,242162788,31889752,47834628,71751940,21259836,107627908,21259836,47834628,31889752,644770904,
My Vector + GC,1882.452148,21259836,242162788,31889752,47834628,71751940,21259836,107627908,21259836,47834628,31889752,644770904,
BitMagic,3034.698242,15450240,15450240,15450240,15450240,15450240,15450240,15450240,15450240,15450240,15450240,154502400,
