Data stats,,Group 0 Size,Group 1 Size,Group 2 Size,Group 3 Size,Group 4 Size,Group 5 Size,Group 6 Size,Group 7 Size,Group 8 Size,Group 9 Size,Total size (Bytes),
,,24090844,42140920,84295948,16859128,21074892,33720008,168626152,56203744,28102772,18712748,493827156,
Method Name,Time Consumption (ms),Group 0,Group 1,Group 2,Group 3,Group 4,Group 5,Group 6,Group 7,Group 8,Group 9,Total Memory Consumption (Bytes),
Roaring,3213.780273,9371454,14066466,15448808,15448808,15448808,12060502,15448808,8444644,10552526,15447622,131738446,
EWAH,2432.843018,18713320,28103632,56205460,168631300,42142208,24091576,84298524,16859644,21075536,33721040,493842240,
My Vector,2577.986572,21259836,31889752,71751940,242162788,47834628,31889752,107627908,21259836,21259836,47834628,644770904,
My Vector + GC,2427.318848,21259836,31889752,71751940,242162788,47834628,31889752,107627908,21259836,21259836,47834628,644770904,
BitMagic,2385.884521,15450240,15450240,15450240,15450240,15450240,15450240,15450240,15450240,15450240,15450240,154502