DATA ID:,1,
Data stats,,Group 0 Size,Group 1 Size,Group 2 Size,Group 3 Size,Group 4 Size,Group 5 Size,Group 6 Size,Group 7 Size,Group 8 Size,Group 9 Size,Total size (Bytes),
,,8464,4208,3332,16832,1976,5416,2848,2188,2392,1724,49380,
RUNID:,1,
Method Name,Time Consumption (ms),Group 0,Group 1,Group 2,Group 3,Group 4,Group 5,Group 6,Group 7,Group 8,Group 9,Total Memory Consumption (Bytes),
Roaring,0.358700,4248,2120,1682,1004,8208,2724,1440,1110,1212,878,24626,
EWAH,0.253500,8464,4212,3336,1980,16836,5420,2852,2192,2396,1728,49416,
My Vector,0.150400,9592,4264,4264,2844,21580,6396,4264,2844,2844,1896,60788,
My Vector + GC,0.326500,9592,4264,4264,2844,21580,6396,4264,2844,2844,1896,60788,
BitMagic,0.527300,10312,10312,10312,4680,10312,10312,10312,4680,4680,4680,80592,
