DATA ID:,1,
Data stats,,Group 0 Size,Group 1 Size,Group 2 Size,Total size (Bytes),
,,485572444,7588768,665944,493827156,
RUNID:,1,
Method Name,Time Consumption (ms),Group 0,Group 1,Group 2,Total Memory Consumption (Bytes),
Roaring,2047.696899,15448808,3809464,348052,19606324,
EWAH,1744.381714,485587260,7589000,665968,493842228,
My Vector,1428.276855,544866268,9448816,829528,555144612,
My Vector + GC,1351.297241,544866268,9448816,829528,555144612,
BitMagic,4154.670410,15450240,15450240,980864,31881344,
