DATA ID:,1,
Data stats,,Group 0 Size,Group 1 Size,Group 2 Size,Group 3 Size,Group 4 Size,Group 5 Size,Group 6 Size,Group 7 Size,Group 8 Size,Group 9 Size,Total size (Bytes),
,,8426176,16852432,2414120,4218200,3365004,5627236,2808384,1879020,2106156,1685984,49382712,
RUNID:,1,
Method Name,Time Consumption (ms),Group 0,Group 1,Group 2,Group 3,Group 4,Group 5,Group 6,Group 7,Group 8,Group 9,Total Memory Consumption (Bytes),
Roaring,332.768188,844512,1054598,941030,1405712,1549808,1549808,1208580,1545892,1544948,1547384,13192272,
EWAH,268.867615,1686036,2106224,1879080,2808472,16852948,8426432,2414196,4218332,3365108,5627408,49384236,
My Vector,239.257095,1866436,2799652,2799652,4199476,21259836,9448816,2799652,6299212,4199476,6299212,61971420,
My Vector + GC,249.027100,1866436,2799652,2799652,4199476,21259836,9448816,2799652,6299212,4199476,6299212,61971420,
BitMagic,245.149506,1550408,1550408,1550408,1550408,1550408,1550408,1550408,1550408,1550408,1550408,15504080,
