DATA ID:,1,
Data stats,,Group 0 Size,Group 1 Size,Group 2 Size,Group 3 Size,Group 4 Size,Group 5 Size,Group 6 Size,Group 7 Size,Group 8 Size,Group 9 Size,Total size (Bytes),
,,476259180,14870668,1962852,61664,464004,152304,14956,28884,7956,4688,493827156,
RUNID:,1,
Method Name,Time Consumption (ms),Group 0,Group 1,Group 2,Group 3,Group 4,Group 5,Group 6,Group 7,Group 8,Group 9,Total Memory Consumption (Bytes),
Roaring,2071.115479,13634,15448808,7450414,996506,45912,247082,91232,20462,29242,9328,24352620,
EWAH,1811.341309,7960,476273712,14871124,1962912,61668,464020,152312,14960,28888,4692,493842248,
My Vector,1502.544556,9592,544866268,21259836,2799652,72828,553020,163860,21580,32368,6396,569785400,
My Vector + GC,1418.666626,9592,544866268,21259836,2799652,72828,553020,163860,21580,32368,6396,569785400,
BitMagic,2885.059326,325248,15450240,15450240,3821184,498816,727936,498816,431744,489856,239744,37933824,
