DATA ID:,1,
Data stats,,Group 0 Size,Group 1 Size,Group 2 Size,Group 3 Size,Group 4 Size,Group 5 Size,Group 6 Size,Group 7 Size,Group 8 Size,Group 9 Size,Total size (Bytes),
,,168581824,21084536,42156776,56190288,18744996,84297756,33718196,24076888,28100152,16875744,493827156,
RUNID:,1,
Method Name,Time Consumption (ms),Group 0,Group 1,Group 2,Group 3,Group 4,Group 5,Group 6,Group 7,Group 8,Group 9,Total Memory Consumption (Bytes),
Roaring,2630.573242,9387578,15448808,10557348,15448808,15448808,15448808,15447686,12053524,14065156,8452952,131759476,
EWAH,1859.550415,18745572,168586968,21085180,42158064,56192004,84300332,33719228,24077624,28101012,16876260,493842244,
My Vector,1535.055908,21259836,242162788,21259836,47834628,71751940,107627908,47834628,31889752,31889752,21259836,644770904,
My Vector + GC,1434.414429,21259836,242162788,21259836,47834628,71751940,107627908,47834628,31889752,31889752,21259836,644770904,
BitMagic,2327.149170,15450240,15450240,15450240,15450240,15450240,15450240,15450240,15450240,15450240,15450240,154502400,
