DATA ID:,1,
Data stats,,Group 0 Size,Group 1 Size,Group 2 Size,Group 3 Size,Group 4 Size,Group 5 Size,Group 6 Size,Group 7 Size,Group 8 Size,Group 9 Size,Total size (Bytes),
,,4213604,1685272,5625344,3371468,16859704,2103344,1870568,8428760,2814348,2410300,49382712,
RUNID:,1,
Method Name,Time Consumption (ms),Group 0,Group 1,Group 2,Group 3,Group 4,Group 5,Group 6,Group 7,Group 8,Group 9,Total Memory Consumption (Bytes),
Roaring,267.980103,1545856,1549808,844156,1547416,1545178,936804,1549808,1053192,1408694,1206670,13187582,
EWAH,171.833206,4213732,8429020,1685324,5625516,3371572,1870628,16860220,2103412,2814436,2410376,49384236,
My Vector,142.955399,6299212,9448816,1866436,6299212,4199476,2799652,21259836,2799652,4199476,2799652,61971420,
My Vector + GC,138.449295,6299212,9448816,1866436,6299212,4199476,2799652,21259836,2799652,4199476,2799652,61971420,
BitMagic,231.664902,1550408,1550408,1550408,1550408,1550408,1550408,1550408,1550408,1550408,1550408,15504080,
