DATA ID:,1,
Data stats,,Group 0 Size,Group 1 Size,Group 2 Size,Group 3 Size,Group 4 Size,Group 5 Size,Group 6 Size,Group 7 Size,Group 8 Size,Group 9 Size,Total size (Bytes),
,,18744496,84298144,42142680,28086756,24085944,16872364,168616680,21078348,56193172,33708572,493827156,
RUNID:,1,
Method Name,Time Consumption (ms),Group 0,Group 1,Group 2,Group 3,Group 4,Group 5,Group 6,Group 7,Group 8,Group 9,Total Memory Consumption (Bytes),
Roaring,2497.336426,15448808,9387328,8451262,15448808,15448808,14058458,12058052,10554254,15448808,15448064,131752650,
EWAH,1829.920654,168621828,18745068,16872880,84300720,42143968,28087616,24086680,21078992,56194888,33709604,493842244,
My Vector,1496.977173,242162788,21259836,21259836,107627908,47834628,31889752,31889752,21259836,71751940,47834628,644770904,
My Vector + GC,1422.683960,242162788,21259836,21259836,107627908,47834628,31889752,31889752,21259836,71751940,47834628,644770904,
BitMagic,2306.905029,15450240,15450240,15450240,15450240,15450240,15450240,15450240,15450240,15450240,15450240,154502400,
