DATA ID:,1,
Data stats,,Group 0 Size,Group 1 Size,Group 2 Size,Group 3 Size,Group 4 Size,Group 5 Size,Group 6 Size,Group 7 Size,Group 8 Size,Group 9 Size,Total size (Bytes),
,,33736760,84307576,28087876,168601584,42159124,24091428,21068816,56188384,16855204,18730404,493827156,
RUNID:,1,
Method Name,Time Consumption (ms),Group 0,Group 1,Group 2,Group 3,Group 4,Group 5,Group 6,Group 7,Group 8,Group 9,Total Memory Consumption (Bytes),
Roaring,3416.686523,15447756,8442682,15448808,14059018,15448808,15448808,12060794,10549488,15448808,9380282,131735252,
EWAH,2442.586914,33737788,16855720,84310152,28088736,168606732,42160412,24092164,21069460,56190100,18730976,493842240,
My Vector,1975.621460,47834628,21259836,107627908,31889752,242162788,47834628,31889752,21259836,71751940,21259836,644770904,
My Vector + GC,1831.616455,47834628,21259836,107627908,31889752,242162788,47834628,31889752,21259836,71751940,21259836,644770904,
BitMagic,3001.358643,15450240,15450240,15450240,15450240,15450240,15450240,15450240,15450240,15450240,15450240,154502400,
